[
    {
        "id": 1,
        "date_created": "2019-12-25 12:57:58",
        "date_updated": "2020-12-18 16:18:29",
        "description": "Scala is a multi-paradigm, general-purpose programming language.",
        "discount_price": 2,
        "image_path": "",
        "on_discount": false,
        "price": 20,
        "title": "The Art of Scala"
    },
    {
        "id": 2,
        "date_created": "2019-03-16 05:15:39",
        "date_updated": "2020-12-29 08:40:44",
        "description": "Agile practices discover requirements and develop solutions through collaborative effort.",
        "discount_price": 3,
        "image_path": "",
        "on_discount": true,
        "price": 30,
        "title": "The Joy of Agile"
    },
    {
        "id": 3,
        "date_created": "2020-09-13 14:40:39",
        "date_updated": "2020-09-23 10:52:39",
        "description": "Pages is a word processor developed by Apple Inc.",
        "discount_price": 5,
        "image_path": "",
        "on_discount": false,
        "price": 50,
        "title": "Talks About Pages"
    },
    {
        "id": 4,
        "date_created": "2020-07-20 17:51:23",
        "date_updated": "2020-08-04 12:06:58",
        "description": "Microsoft Visual Studio is an integrated development environment (IDE) from Microsoft.",
        "discount_price": 2,
        "image_path": "",
        "on_discount": false,
        "price": 20,
        "title": "This Is A Course About Visual Studio"
    },
    {
        "id": 5,
        "date_created": "2020-07-04 01:02:49",
        "date_updated": "2021-01-31 15:07:20",
        "description": "Scala is a multi-paradigm, general-purpose programming language.",
        "discount_price": 3,
        "image_path": "",
        "on_discount": true,
        "price": 30,
        "title": "Even A Kid Can Learn Scala!"
    },
    {
        "id": 6,
        "date_created": "2018-11-01 18:54:31",
        "date_updated": "2020-05-19 08:24:37",
        "description": "Amazon Aurora is a relational database service developed and offered by AWS.",
        "discount_price": 1,
        "image_path": "",
        "on_discount": true,
        "price": 10,
        "title": "A Simple Approach to Aurora"
    },
    {
        "id": 7,
        "date_created": "2020-08-23 06:31:30",
        "date_updated": "2021-02-09 01:22:38",
        "description": "Amazon Web Services (AWS) is an on-demand cloud computing platform, and a subsidiary of Amazon.",
        "discount_price": 4,
        "image_path": "",
        "on_discount": true,
        "price": 40,
        "title": "AWS: The Complete Blueprint"
    },
    {
        "id": 8,
        "date_created": "2018-02-05 06:12:43",
        "date_updated": "2020-01-15 10:14:05",
        "description": "Microsoft Visual Studio is an integrated development environment (IDE) from Microsoft.",
        "discount_price": 2,
        "image_path": "",
        "on_discount": true,
        "price": 20,
        "title": "Do not Visual Studio Without This Course"
    },
    {
        "id": 9,
        "date_created": "2020-11-04 00:45:40",
        "date_updated": "2020-11-26 12:00:56",
        "description": "Keynote is a presentation program developed by Apple Inc.",
        "discount_price": 2,
        "image_path": "",
        "on_discount": false,
        "price": 20,
        "title": "Essential KeyNote"
    },
    {
        "id": 10,
        "date_created": "2018-03-23 11:46:56",
        "date_updated": "2018-07-26 16:24:09",
        "description": "Keynote is a presentation program developed by Apple Inc.",
        "discount_price": 5,
        "image_path": "",
        "on_discount": false,
        "price": 50,
        "title": "Beginners Guide To KeyNote"
    },
    {
        "id": 11,
        "date_created": "2020-07-11 03:40:36",
        "date_updated": "2020-07-29 22:05:07",
        "description": "PostgreSQL is a free and open-source relational database management system.",
        "discount_price": 5,
        "image_path": "",
        "on_discount": true,
        "price": 50,
        "title": "PostgreSQL For The Common Person"
    },
    {
        "id": 12,
        "date_created": "2020-01-28 08:00:43",
        "date_updated": "2020-05-08 18:42:30",
        "description": "Microsoft Visual Studio is an integrated development environment (IDE) from Microsoft.",
        "discount_price": 1,
        "image_path": "",
        "on_discount": true,
        "price": 10,
        "title": "A Complete Guide To Visual Studio"
    },
    {
        "id": 13,
        "date_created": "2019-10-06 10:15:33",
        "date_updated": "2020-08-27 13:19:38",
        "description": "Mockplus is tool for designing and rototyping user interfaces..",
        "discount_price": 2,
        "image_path": "",
        "on_discount": false,
        "price": 20,
        "title": "How To Be Happy With Mockplus"
    },
    {
        "id": 14,
        "date_created": "2018-10-18 12:23:14",
        "date_updated": "2020-07-10 17:21:17",
        "description": "Numbers is a spreadsheet application developed by Apple Inc.",
        "discount_price": 2,
        "image_path": "",
        "on_discount": false,
        "price": 20,
        "title": "Cracking the Secrets of Numbers"
    },
    {
        "id": 15,
        "date_created": "2020-08-20 01:24:33",
        "date_updated": "2020-09-16 22:40:02",
        "description": "Angular is a TypeScript-based open-source web application framework.",
        "discount_price": 3,
        "image_path": "",
        "on_discount": false,
        "price": 30,
        "title": "It is Possible To Learn Angular In A Month"
    },
    {
        "id": 16,
        "date_created": "2019-11-01 20:42:14",
        "date_updated": "2019-11-03 15:10:45",
        "description": "Visual Paradigm is a design tool supporting UML and BPMN.",
        "discount_price": 1,
        "image_path": "",
        "on_discount": false,
        "price": 10,
        "title": "Learn The Art of Visual Paradigm"
    },
    {
        "id": 17,
        "date_created": "2021-02-18 23:44:51",
        "date_updated": "2021-03-01 00:31:41",
        "description": "Rust is low-level, modern programming language designed for performance and safety.",
        "discount_price": 1,
        "image_path": "",
        "on_discount": true,
        "price": 10,
        "title": "The Best Way To Rust"
    },
    {
        "id": 18,
        "date_created": "2018-01-04 02:11:45",
        "date_updated": "2018-03-24 07:49:35",
        "description": "Cascading Style Sheets (CSS) is a style sheet language used in web applications",
        "discount_price": 2,
        "image_path": "",
        "on_discount": false,
        "price": 20,
        "title": "Essential CSS"
    },
    {
        "id": 19,
        "date_created": "2019-06-19 18:35:41",
        "date_updated": "2020-09-16 07:19:51",
        "description": "Microsoft SQL Server is a relational database management system developed by Microsoft.",
        "discount_price": 2,
        "image_path": "",
        "on_discount": true,
        "price": 20,
        "title": "Proactive SQL Server"
    },
    {
        "id": 20,
        "date_created": "2018-07-24 15:29:10",
        "date_updated": "2019-03-15 04:08:27",
        "description": "TypeScript is a programming language which is transpiled to JavaScript.",
        "discount_price": 5,
        "image_path": "",
        "on_discount": true,
        "price": 50,
        "title": "TypeScript for Idiots"
    },
    {
        "id": 21,
        "date_created": "2018-12-22 15:15:36",
        "date_updated": "2019-07-09 14:52:38",
        "description": "Microsoft Excel is a spreadsheet developed by Microsoft.",
        "discount_price": 1,
        "image_path": "",
        "on_discount": false,
        "price": 10,
        "title": "Microsoft Excel For Business"
    },
    {
        "id": 22,
        "date_created": "2019-07-13 01:41:20",
        "date_updated": "2021-01-23 15:51:21",
        "description": "Microsoft Visual Studio is an integrated development environment (IDE) from Microsoft.",
        "discount_price": 4,
        "image_path": "",
        "on_discount": true,
        "price": 40,
        "title": "The Art of Visual Studio"
    },
    {
        "id": 23,
        "date_created": "2018-07-07 18:54:27",
        "date_updated": "2019-09-29 11:47:00",
        "description": "Amazon DynamoDB is a fully managed proprietary NoSQL database service.",
        "discount_price": 3,
        "image_path": "",
        "on_discount": false,
        "price": 30,
        "title": "The Art of DynamoDB"
    },
    {
        "id": 24,
        "date_created": "2018-11-01 14:39:15",
        "date_updated": "2020-11-23 09:53:23",
        "description": "C++ is a low-level, general-purpose programming language.",
        "discount_price": 3,
        "image_path": "",
        "on_discount": false,
        "price": 30,
        "title": "C++ In Easy Steps"
    },
    {
        "id": 25,
        "date_created": "2019-11-17 16:59:58",
        "date_updated": "2020-06-04 12:59:21",
        "description": "PostgreSQL is a free and open-source relational database management system.",
        "discount_price": 2,
        "image_path": "",
        "on_discount": false,
        "price": 20,
        "title": "The Purpose of PostgreSQL"
    },
    {
        "id": 26,
        "date_created": "2018-11-12 00:02:09",
        "date_updated": "2019-08-20 19:57:47",
        "description": "The waterfall model breaks project activities into sequential phases.",
        "discount_price": 2,
        "image_path": "",
        "on_discount": false,
        "price": 20,
        "title": "Total Waterfall"
    },
    {
        "id": 27,
        "date_created": "2020-03-21 09:24:41",
        "date_updated": "2020-08-25 18:43:30",
        "description": "JavaScript is a prototype-based programming language conforming to the ECMAScript specification.",
        "discount_price": 1,
        "image_path": "",
        "on_discount": false,
        "price": 10,
        "title": "JavaScript: Quick Solutions"
    },
    {
        "id": 28,
        "date_created": "2020-02-26 23:03:56",
        "date_updated": "2020-07-17 11:04:23",
        "description": "Sass is a style sheet language for web applications. It is interpreted or compiled into Cascading Style Sheets.",
        "discount_price": 3,
        "image_path": "",
        "on_discount": false,
        "price": 30,
        "title": "No BS Guide to Sass"
    },
    {
        "id": 29,
        "date_created": "2019-10-28 07:52:20",
        "date_updated": "2020-03-09 20:58:22",
        "description": "Less is a style sheet language for web applications. It can be compiled into Cascading Style Sheets.",
        "discount_price": 3,
        "image_path": "",
        "on_discount": false,
        "price": 30,
        "title": "Master The Art of Less"
    },
    {
        "id": 30,
        "date_created": "2019-04-10 08:57:02",
        "date_updated": "2019-04-20 14:58:07",
        "description": "Django, named after Belgian guitarist Jean Reinhardt, is a Python-based, free and open-source web framework.",
        "discount_price": 2,
        "image_path": "",
        "on_discount": true,
        "price": 20,
        "title": "The Best Way To Django"
    },
    {
        "id": 31,
        "date_created": "2020-06-23 23:32:49",
        "date_updated": "2020-09-25 15:09:44",
        "description": "The waterfall model breaks project activities into sequential phases.",
        "discount_price": 3,
        "image_path": "",
        "on_discount": true,
        "price": 30,
        "title": "Learn To Waterfall In 30 Days"
    },
    {
        "id": 32,
        "date_created": "2018-03-02 20:58:02",
        "date_updated": "2020-11-01 20:34:19",
        "description": "Go is a server-oriented, statically typed, compiled programming language.",
        "discount_price": 5,
        "image_path": "",
        "on_discount": true,
        "price": 50,
        "title": "Learning Go One Step At a Time"
    },
    {
        "id": 33,
        "date_created": "2018-03-03 13:25:23",
        "date_updated": "2018-07-01 08:35:17",
        "description": "C++ is a low-level, general-purpose programming language.",
        "discount_price": 1,
        "image_path": "",
        "on_discount": true,
        "price": 10,
        "title": "C++ for Fun and Profit"
    },
    {
        "id": 34,
        "date_created": "2018-06-19 10:49:42",
        "date_updated": "2018-10-29 06:07:57",
        "description": "JavaScript is a prototype-based programming language conforming to the ECMAScript specification.",
        "discount_price": 2,
        "image_path": "",
        "on_discount": false,
        "price": 20,
        "title": "Easy To Understand JavaScript"
    },
    {
        "id": 35,
        "date_created": "2018-02-19 23:22:10",
        "date_updated": "2018-09-17 17:27:09",
        "description": "Microsoft Visual Studio is an integrated development environment (IDE) from Microsoft.",
        "discount_price": 3,
        "image_path": "",
        "on_discount": true,
        "price": 30,
        "title": "Expert Visual Studio"
    },
    {
        "id": 36,
        "date_created": "2020-12-11 08:54:41",
        "date_updated": "2021-02-03 17:57:17",
        "description": "Microsoft Visual Studio is an integrated development environment (IDE) from Microsoft.",
        "discount_price": 1,
        "image_path": "",
        "on_discount": false,
        "price": 10,
        "title": "No BS Guide to Visual Studio"
    },
    {
        "id": 37,
        "date_created": "2018-12-16 14:59:24",
        "date_updated": "2021-02-23 20:51:12",
        "description": "Amazon S3 a cloud-based storage service offered by AWS.",
        "discount_price": 1,
        "image_path": "",
        "on_discount": false,
        "price": 10,
        "title": "Don not Dare S3 Without Taking This Course"
    },
    {
        "id": 38,
        "date_created": "2019-08-21 04:13:53",
        "date_updated": "2019-09-21 02:37:23",
        "description": "Microsoft Office is a family of software services developed by Microsoft.",
        "discount_price": 3,
        "image_path": "",
        "on_discount": false,
        "price": 30,
        "title": "A Simple Approach to Microsoft Office"
    },
    {
        "id": 39,
        "date_created": "2020-01-14 13:38:50",
        "date_updated": "2021-02-16 09:25:50",
        "description": "Visual Studio Code is a free source-code editor from Microsoft.",
        "discount_price": 1,
        "image_path": "",
        "on_discount": true,
        "price": 10,
        "title": "A Crash Course in Visual Studio Code"
    },
    {
        "id": 40,
        "date_created": "2018-06-01 18:26:34",
        "date_updated": "2020-08-05 03:58:19",
        "description": "Svelte is a free and open-source front end JavaScript framework.",
        "discount_price": 2,
        "image_path": "",
        "on_discount": false,
        "price": 20,
        "title": "Cracking the Secrets of Svelte"
    },
    {
        "id": 41,
        "date_created": "2018-08-14 04:43:21",
        "date_updated": "2020-11-27 06:06:13",
        "description": "MySQL is an open-source relational database management system.",
        "discount_price": 5,
        "image_path": "",
        "on_discount": false,
        "price": 50,
        "title": "Reengineering MySQL"
    },
    {
        "id": 42,
        "date_created": "2018-03-01 19:05:28",
        "date_updated": "2018-06-20 07:16:41",
        "description": "Less is a style sheet language for web applications. It can be compiled into Cascading Style Sheets.",
        "discount_price": 3,
        "image_path": "",
        "on_discount": true,
        "price": 30,
        "title": "Less! Less!! Less!!!"
    },
    {
        "id": 43,
        "date_created": "2019-08-01 15:30:48",
        "date_updated": "2020-12-18 08:25:43",
        "description": "Flask is a lightweight web framework written in Python.",
        "discount_price": 2,
        "image_path": "",
        "on_discount": false,
        "price": 20,
        "title": "The Secrets of Flask"
    },
    {
        "id": 44,
        "date_created": "2019-11-28 22:03:49",
        "date_updated": "2020-04-01 00:36:41",
        "description": "Microsoft PowerPoint is a presentation program.",
        "discount_price": 3,
        "image_path": "",
        "on_discount": false,
        "price": 30,
        "title": "My Microsoft PowerPoint Experience Taught Me These Rules"
    },
    {
        "id": 45,
        "date_created": "2018-07-12 01:55:40",
        "date_updated": "2019-03-02 07:37:41",
        "description": "Scrum is an agile framework for developing products",
        "discount_price": 3,
        "image_path": "",
        "on_discount": true,
        "price": 30,
        "title": "SCRUM, Volume 1"
    },
    {
        "id": 46,
        "date_created": "2020-05-15 08:18:33",
        "date_updated": "2020-12-22 03:59:41",
        "description": "Microsoft PowerPoint is a presentation program.",
        "discount_price": 2,
        "image_path": "",
        "on_discount": false,
        "price": 20,
        "title": "Expert Microsoft PowerPoint"
    },
    {
        "id": 47,
        "date_created": "2018-07-15 12:23:23",
        "date_updated": "2019-10-24 16:10:45",
        "description": "Microsoft Office is a family of software services developed by Microsoft.",
        "discount_price": 2,
        "image_path": "",
        "on_discount": false,
        "price": 20,
        "title": "Total Microsoft Office"
    },
    {
        "id": 48,
        "date_created": "2020-02-27 04:40:42",
        "date_updated": "2021-01-12 16:32:30",
        "description": "Django, named after Belgian guitarist Jean Reinhardt, is a Python-based, free and open-source web framework.",
        "discount_price": 3,
        "image_path": "",
        "on_discount": false,
        "price": 30,
        "title": "Do not Django Without This Course"
    },
    {
        "id": 49,
        "date_created": "2019-11-16 07:04:09",
        "date_updated": "2019-11-28 21:09:19",
        "description": "Microsoft Excel is a spreadsheet developed by Microsoft.",
        "discount_price": 3,
        "image_path": "",
        "on_discount": false,
        "price": 30,
        "title": "How to Microsoft Excel"
    },
    {
        "id": 50,
        "date_created": "2019-08-31 22:51:44",
        "date_updated": "2019-10-04 22:37:33",
        "description": "PostgreSQL is a free and open-source relational database management system.",
        "discount_price": 3,
        "image_path": "",
        "on_discount": false,
        "price": 30,
        "title": "PostgreSQL Crash Course"
    },
    {
        "id": 51,
        "date_created": "2018-06-26 04:11:08",
        "date_updated": "2018-10-26 19:16:06",
        "description": "Scrum is an agile framework for developing products",
        "discount_price": 3,
        "image_path": "",
        "on_discount": true,
        "price": 30,
        "title": "The SCRUM Guide"
    },
    {
        "id": 52,
        "date_created": "2018-01-30 03:53:09",
        "date_updated": "2020-12-10 15:40:10",
        "description": "Enterprise Architect is a design tool for UML.",
        "discount_price": 3,
        "image_path": "",
        "on_discount": false,
        "price": 30,
        "title": "1,001 Things To Know About Enterprise Architect"
    },
    {
        "id": 53,
        "date_created": "2018-09-21 22:29:26",
        "date_updated": "2020-08-07 05:17:44",
        "description": "Python is a general-purpose, high level programming language, increasingly used in AI and ML.",
        "discount_price": 3,
        "image_path": "",
        "on_discount": false,
        "price": 30,
        "title": "Essential Python"
    },
    {
        "id": 54,
        "date_created": "2019-03-13 13:26:14",
        "date_updated": "2019-06-04 06:35:51",
        "description": "Microsoft Excel is a spreadsheet developed by Microsoft.",
        "discount_price": 3,
        "image_path": "",
        "on_discount": true,
        "price": 30,
        "title": "Microsoft Excel For The Modern Developer"
    },
    {
        "id": 55,
        "date_created": "2021-02-04 07:30:37",
        "date_updated": "2021-02-07 04:10:43",
        "description": "Java is a class-based, object-oriented programming language.",
        "discount_price": 3,
        "image_path": "",
        "on_discount": true,
        "price": 30,
        "title": "This Is A Course About Java"
    },
    {
        "id": 56,
        "date_created": "2020-08-08 15:48:38",
        "date_updated": "2020-12-01 07:44:05",
        "description": "The waterfall model breaks project activities into sequential phases.",
        "discount_price": 2,
        "image_path": "",
        "on_discount": true,
        "price": 20,
        "title": "Do not Waterfall Without This Course"
    },
    {
        "id": 57,
        "date_created": "2020-04-03 18:35:26",
        "date_updated": "2021-02-27 03:02:53",
        "description": "Mockplus is tool for designing and rototyping user interfaces..",
        "discount_price": 3,
        "image_path": "",
        "on_discount": false,
        "price": 30,
        "title": "Do not Mockplus Without This Course"
    },
    {
        "id": 58,
        "date_created": "2018-06-09 01:55:04",
        "date_updated": "2020-01-09 11:56:50",
        "description": "Figma is a prototyping tool for user interfaces.",
        "discount_price": 3,
        "image_path": "",
        "on_discount": true,
        "price": 30,
        "title": "Figma! Figma!! Figma!!!"
    },
    {
        "id": 59,
        "date_created": "2020-04-13 00:50:40",
        "date_updated": "2020-10-24 12:22:35",
        "description": "Amazon DynamoDB is a fully managed proprietary NoSQL database service.",
        "discount_price": 3,
        "image_path": "",
        "on_discount": true,
        "price": 30,
        "title": "It is Possible To Learn DynamoDB In A Month"
    },
    {
        "id": 60,
        "date_created": "2019-02-16 02:41:19",
        "date_updated": "2019-07-02 20:29:26",
        "description": "Django, named after Belgian guitarist Jean Reinhardt, is a Python-based, free and open-source web framework.",
        "discount_price": 4,
        "image_path": "",
        "on_discount": false,
        "price": 40,
        "title": "Talks About Django"
    },
    {
        "id": 61,
        "date_created": "2019-05-15 19:46:55",
        "date_updated": "2020-02-24 01:48:08",
        "description": "The waterfall model breaks project activities into sequential phases.",
        "discount_price": 2,
        "image_path": "",
        "on_discount": false,
        "price": 20,
        "title": "The Great Course of Waterfall"
    },
    {
        "id": 62,
        "date_created": "2019-07-26 05:15:10",
        "date_updated": "2019-08-01 17:45:58",
        "description": "Azure is a cloud-based computing platform created by Microsoft.",
        "discount_price": 4,
        "image_path": "",
        "on_discount": false,
        "price": 40,
        "title": "Super Azure"
    },
    {
        "id": 63,
        "date_created": "2018-08-23 13:42:59",
        "date_updated": "2019-02-05 02:36:15",
        "description": "Go is a server-oriented, statically typed, compiled programming language.",
        "discount_price": 1,
        "image_path": "",
        "on_discount": true,
        "price": 10,
        "title": "Go For The Common Person"
    },
    {
        "id": 64,
        "date_created": "2019-06-02 04:58:57",
        "date_updated": "2019-12-15 16:45:15",
        "description": "The waterfall model breaks project activities into sequential phases.",
        "discount_price": 3,
        "image_path": "",
        "on_discount": true,
        "price": 30,
        "title": "Expert Waterfall"
    },
    {
        "id": 65,
        "date_created": "2019-01-24 03:50:24",
        "date_updated": "2019-08-11 19:08:30",
        "description": "Oracle Database is a database management system developed by Oracle Corporation.",
        "discount_price": 1,
        "image_path": "",
        "on_discount": true,
        "price": 10,
        "title": "Oracle Is Easy! An Introductory Guide"
    },
    {
        "id": 66,
        "date_created": "2020-01-23 01:00:00",
        "date_updated": "2021-01-23 09:55:22",
        "description": "Sass is a style sheet language for web applications. It is interpreted or compiled into Cascading Style Sheets.",
        "discount_price": 4,
        "image_path": "",
        "on_discount": false,
        "price": 40,
        "title": "An Illustrated Guide to Sass"
    },
    {
        "id": 67,
        "date_created": "2018-01-04 03:00:44",
        "date_updated": "2020-01-16 00:24:49",
        "description": "Svelte is a free and open-source front end JavaScript framework.",
        "discount_price": 4,
        "image_path": "",
        "on_discount": true,
        "price": 40,
        "title": "The Svelte Guide"
    },
    {
        "id": 68,
        "date_created": "2020-04-09 10:42:35",
        "date_updated": "2020-05-23 00:41:23",
        "description": "Go is a server-oriented, statically typed, compiled programming language.",
        "discount_price": 2,
        "image_path": "",
        "on_discount": false,
        "price": 20,
        "title": "It is Possible To Learn Go In A Month"
    },
    {
        "id": 69,
        "date_created": "2020-06-30 05:29:30",
        "date_updated": "2020-10-02 16:34:03",
        "description": "Django, named after Belgian guitarist Jean Reinhardt, is a Python-based, free and open-source web framework.",
        "discount_price": 4,
        "image_path": "",
        "on_discount": true,
        "price": 40,
        "title": "Ways To Django"
    },
    {
        "id": 70,
        "date_created": "2018-01-22 19:56:52",
        "date_updated": "2021-02-02 23:35:39",
        "description": "Mockplus is tool for designing and rototyping user interfaces..",
        "discount_price": 2,
        "image_path": "",
        "on_discount": true,
        "price": 20,
        "title": "Unlocking The Secrets of Mockplus"
    },
    {
        "id": 71,
        "date_created": "2019-02-03 14:52:40",
        "date_updated": "2019-04-22 13:30:32",
        "description": "Microsoft Excel is a spreadsheet developed by Microsoft.",
        "discount_price": 4,
        "image_path": "",
        "on_discount": false,
        "price": 40,
        "title": "Master The Art of Microsoft Excel"
    },
    {
        "id": 72,
        "date_created": "2019-09-12 01:39:50",
        "date_updated": "2020-07-04 18:46:55",
        "description": "Java is a class-based, object-oriented programming language.",
        "discount_price": 2,
        "image_path": "",
        "on_discount": false,
        "price": 20,
        "title": "A Crash Course in Java"
    },
    {
        "id": 73,
        "date_created": "2018-09-19 19:31:25",
        "date_updated": "2019-04-14 13:21:38",
        "description": "Amazon Web Services (AWS) is an on-demand cloud computing platform, and a subsidiary of Amazon.",
        "discount_price": 3,
        "image_path": "",
        "on_discount": false,
        "price": 30,
        "title": "One Month AWS Challenge"
    },
    {
        "id": 74,
        "date_created": "2019-12-04 11:48:04",
        "date_updated": "2019-12-04 23:02:27",
        "description": "Rust is low-level, modern programming language designed for performance and safety.",
        "discount_price": 4,
        "image_path": "",
        "on_discount": true,
        "price": 40,
        "title": "The Purpose of Rust"
    },
    {
        "id": 75,
        "date_created": "2020-07-30 02:15:34",
        "date_updated": "2020-11-17 01:27:31",
        "description": "Amazon Aurora is a relational database service developed and offered by AWS.",
        "discount_price": 1,
        "image_path": "",
        "on_discount": true,
        "price": 10,
        "title": "Beginners Guide To Aurora"
    },
    {
        "id": 76,
        "date_created": "2019-02-04 01:36:59",
        "date_updated": "2020-12-10 02:00:44",
        "description": "React is an open-source, JavaScript library for building user interfaces.",
        "discount_price": 2,
        "image_path": "",
        "on_discount": true,
        "price": 20,
        "title": "The Purpose of React"
    },
    {
        "id": 77,
        "date_created": "2020-02-07 10:13:22",
        "date_updated": "2020-09-20 22:48:14",
        "description": "Azure is a cloud-based computing platform created by Microsoft.",
        "discount_price": 2,
        "image_path": "",
        "on_discount": false,
        "price": 20,
        "title": "Cracking the Secrets of Azure"
    },
    {
        "id": 78,
        "date_created": "2019-04-12 05:31:38",
        "date_updated": "2019-05-21 12:54:08",
        "description": "Visual Paradigm is a design tool supporting UML and BPMN.",
        "discount_price": 3,
        "image_path": "",
        "on_discount": false,
        "price": 30,
        "title": "1,001 Things To Know About Visual Paradigm"
    },
    {
        "id": 79,
        "date_created": "2019-04-08 19:14:56",
        "date_updated": "2020-04-17 03:55:11",
        "description": "Sass is a style sheet language for web applications. It is interpreted or compiled into Cascading Style Sheets.",
        "discount_price": 2,
        "image_path": "",
        "on_discount": false,
        "price": 20,
        "title": "Teach Yourself Sass in Easy Lessons"
    },
    {
        "id": 80,
        "date_created": "2018-02-03 12:58:00",
        "date_updated": "2019-08-20 17:46:36",
        "description": "Java is a class-based, object-oriented programming language.",
        "discount_price": 2,
        "image_path": "",
        "on_discount": true,
        "price": 20,
        "title": "Essential Java"
    },
    {
        "id": 81,
        "date_created": "2021-01-26 08:50:31",
        "date_updated": "2021-02-27 04:54:00",
        "description": "PostgreSQL is a free and open-source relational database management system.",
        "discount_price": 1,
        "image_path": "",
        "on_discount": true,
        "price": 10,
        "title": "This Is A Course About PostgreSQL"
    },
    {
        "id": 82,
        "date_created": "2021-01-04 00:15:32",
        "date_updated": "2021-01-06 04:15:58",
        "description": "Express.js is a web application framework built on Node.js.",
        "discount_price": 5,
        "image_path": "",
        "on_discount": false,
        "price": 50,
        "title": "Expert Express"
    },
    {
        "id": 83,
        "date_created": "2021-01-01 21:58:09",
        "date_updated": "2021-01-21 20:27:01",
        "description": "TypeScript is a programming language which is transpiled to JavaScript.",
        "discount_price": 1,
        "image_path": "",
        "on_discount": false,
        "price": 10,
        "title": "Don not Dare TypeScript Without Taking This Course"
    },
    {
        "id": 84,
        "date_created": "2018-04-04 18:23:24",
        "date_updated": "2019-07-01 09:09:09",
        "description": "JavaScript is a prototype-based programming language conforming to the ECMAScript specification.",
        "discount_price": 2,
        "image_path": "",
        "on_discount": false,
        "price": 20,
        "title": "The Great Course of JavaScript"
    },
    {
        "id": 85,
        "date_created": "2019-10-11 03:39:54",
        "date_updated": "2020-04-17 15:51:43",
        "description": "JavaScript is a prototype-based programming language conforming to the ECMAScript specification.",
        "discount_price": 4,
        "image_path": "",
        "on_discount": true,
        "price": 40,
        "title": "JavaScript! JavaScript!! JavaScript!!!"
    },
    {
        "id": 86,
        "date_created": "2020-02-27 00:28:51",
        "date_updated": "2020-04-29 11:28:02",
        "description": "Microsoft Excel is a spreadsheet developed by Microsoft.",
        "discount_price": 1,
        "image_path": "",
        "on_discount": false,
        "price": 10,
        "title": "Destined To Be an Microsoft Excel"
    },
    {
        "id": 87,
        "date_created": "2018-11-13 03:11:39",
        "date_updated": "2019-03-04 11:39:06",
        "description": "Go is a server-oriented, statically typed, compiled programming language.",
        "discount_price": 2,
        "image_path": "",
        "on_discount": false,
        "price": 20,
        "title": "The Joy of Go"
    },
    {
        "id": 88,
        "date_created": "2019-10-02 12:16:32",
        "date_updated": "2021-01-07 20:18:36",
        "description": "Sass is a style sheet language for web applications. It is interpreted or compiled into Cascading Style Sheets.",
        "discount_price": 3,
        "image_path": "",
        "on_discount": false,
        "price": 30,
        "title": "Talks About Sass"
    },
    {
        "id": 89,
        "date_created": "2018-01-30 08:34:39",
        "date_updated": "2020-05-08 05:27:29",
        "description": "Sass is a style sheet language for web applications. It is interpreted or compiled into Cascading Style Sheets.",
        "discount_price": 5,
        "image_path": "",
        "on_discount": false,
        "price": 50,
        "title": "Do not Sass Without This Course"
    },
    {
        "id": 90,
        "date_created": "2020-02-22 14:40:58",
        "date_updated": "2020-02-25 13:36:30",
        "description": "Scala is a multi-paradigm, general-purpose programming language.",
        "discount_price": 1,
        "image_path": "",
        "on_discount": false,
        "price": 10,
        "title": "A Simple Approach to Scala"
    },
    {
        "id": 91,
        "date_created": "2020-09-23 12:47:57",
        "date_updated": "2021-01-18 07:41:47",
        "description": "Enterprise Architect is a design tool for UML.",
        "discount_price": 2,
        "image_path": "",
        "on_discount": false,
        "price": 20,
        "title": "Enterprise Architect: Quick Solutions"
    },
    {
        "id": 92,
        "date_created": "2018-08-15 05:19:46",
        "date_updated": "2020-02-17 14:23:55",
        "description": "Amazon S3 a cloud-based storage service offered by AWS.",
        "discount_price": 2,
        "image_path": "",
        "on_discount": false,
        "price": 20,
        "title": "40 Strategies To Master S3"
    },
    {
        "id": 93,
        "date_created": "2019-10-16 08:18:18",
        "date_updated": "2020-09-03 07:30:53",
        "description": "Node.js, which was created by Ryan Dahl, is an open-source, back-end JavaScript runtime environment.",
        "discount_price": 1,
        "image_path": "",
        "on_discount": false,
        "price": 10,
        "title": "Destined To Be an NodeJS"
    },
    {
        "id": 94,
        "date_created": "2018-05-15 11:48:58",
        "date_updated": "2019-08-01 01:52:58",
        "description": "Microsoft Excel is a spreadsheet developed by Microsoft.",
        "discount_price": 5,
        "image_path": "",
        "on_discount": false,
        "price": 50,
        "title": "Microsoft Excel Is Easy! An Introductory Guide"
    },
    {
        "id": 95,
        "date_created": "2018-07-27 17:30:29",
        "date_updated": "2020-05-28 16:27:39",
        "description": "The waterfall model breaks project activities into sequential phases.",
        "discount_price": 2,
        "image_path": "",
        "on_discount": false,
        "price": 20,
        "title": "Waterfall For The Common Person"
    },
    {
        "id": 96,
        "date_created": "2020-05-29 20:16:27",
        "date_updated": "2020-07-22 23:48:45",
        "description": "Numbers is a spreadsheet application developed by Apple Inc.",
        "discount_price": 5,
        "image_path": "",
        "on_discount": true,
        "price": 50,
        "title": "Numbers! Numbers!! Numbers!!!"
    },
    {
        "id": 97,
        "date_created": "2018-08-11 22:36:22",
        "date_updated": "2019-07-31 10:21:24",
        "description": "Svelte is a free and open-source front end JavaScript framework.",
        "discount_price": 2,
        "image_path": "",
        "on_discount": false,
        "price": 20,
        "title": "Unlocking The Secrets of Svelte"
    },
    {
        "id": 98,
        "date_created": "2019-10-23 04:42:40",
        "date_updated": "2019-11-02 08:42:05",
        "description": "Rust is low-level, modern programming language designed for performance and safety.",
        "discount_price": 1,
        "image_path": "",
        "on_discount": false,
        "price": 10,
        "title": "Rust: Quick Solutions"
    },
    {
        "id": 99,
        "date_created": "2018-01-29 12:43:26",
        "date_updated": "2019-05-03 17:14:25",
        "description": "C++ is a low-level, general-purpose programming language.",
        "discount_price": 3,
        "image_path": "",
        "on_discount": false,
        "price": 30,
        "title": "Teach Yourself C++ in Easy Lessons"
    },
    {
        "id": 100,
        "date_created": "2020-07-13 21:07:47",
        "date_updated": "2020-09-12 09:02:57",
        "description": "MySQL is an open-source relational database management system.",
        "discount_price": 3,
        "image_path": "",
        "on_discount": true,
        "price": 30,
        "title": "Proactive MySQL"
    },
    {
        "id": 101,
        "date_created": "2019-08-19 11:26:44",
        "date_updated": "2020-02-04 06:34:09",
        "description": "Django, named after Belgian guitarist Jean Reinhardt, is a Python-based, free and open-source web framework.",
        "discount_price": 2,
        "image_path": "",
        "on_discount": true,
        "price": 20,
        "title": "Why You Need To Django"
    },
    {
        "id": 102,
        "date_created": "2018-05-04 12:14:03",
        "date_updated": "2020-11-08 21:24:32",
        "description": "C++ is a low-level, general-purpose programming language.",
        "discount_price": 2,
        "image_path": "",
        "on_discount": false,
        "price": 20,
        "title": "The Great Course of C++"
    },
    {
        "id": 103,
        "date_created": "2018-07-29 22:07:37",
        "date_updated": "2019-06-06 19:46:10",
        "description": "Java is a class-based, object-oriented programming language.",
        "discount_price": 2,
        "image_path": "",
        "on_discount": false,
        "price": 20,
        "title": "The Art of Java"
    },
    {
        "id": 104,
        "date_created": "2018-08-04 20:16:07",
        "date_updated": "2019-07-20 17:01:35",
        "description": "PostgreSQL is a free and open-source relational database management system.",
        "discount_price": 3,
        "image_path": "",
        "on_discount": false,
        "price": 30,
        "title": "The Best Way To PostgreSQL"
    },
    {
        "id": 105,
        "date_created": "2018-12-12 21:33:27",
        "date_updated": "2019-07-16 16:09:12",
        "description": "Django, named after Belgian guitarist Jean Reinhardt, is a Python-based, free and open-source web framework.",
        "discount_price": 3,
        "image_path": "",
        "on_discount": true,
        "price": 30,
        "title": "Destined To Be an Django"
    },
    {
        "id": 106,
        "date_created": "2019-05-14 01:48:03",
        "date_updated": "2020-08-13 05:23:54",
        "description": "Microsoft Word is a word processor developed by Microsoft.",
        "discount_price": 3,
        "image_path": "",
        "on_discount": true,
        "price": 30,
        "title": "Microsoft Word, Volume 1"
    },
    {
        "id": 107,
        "date_created": "2019-11-16 16:29:56",
        "date_updated": "2020-09-15 07:24:05",
        "description": "Sass is a style sheet language for web applications. It is interpreted or compiled into Cascading Style Sheets.",
        "discount_price": 4,
        "image_path": "",
        "on_discount": true,
        "price": 40,
        "title": "Sass Matters"
    },
    {
        "id": 108,
        "date_created": "2020-03-05 02:22:41",
        "date_updated": "2021-02-20 07:04:18",
        "description": "Visual Studio Code is a free source-code editor from Microsoft.",
        "discount_price": 3,
        "image_path": "",
        "on_discount": false,
        "price": 30,
        "title": "Visual Studio Code For The Common Person"
    },
    {
        "id": 109,
        "date_created": "2020-05-16 17:35:32",
        "date_updated": "2020-11-15 11:44:21",
        "description": "Agile practices discover requirements and develop solutions through collaborative effort.",
        "discount_price": 1,
        "image_path": "",
        "on_discount": false,
        "price": 10,
        "title": "The Agile Guide"
    },
    {
        "id": 110,
        "date_created": "2020-11-01 08:09:42",
        "date_updated": "2021-01-16 10:38:37",
        "description": "Python is a general-purpose, high level programming language, increasingly used in AI and ML.",
        "discount_price": 5,
        "image_path": "",
        "on_discount": false,
        "price": 50,
        "title": "Talks About Python"
    },
    {
        "id": 111,
        "date_created": "2019-07-27 00:40:15",
        "date_updated": "2020-08-18 11:15:17",
        "description": "TypeScript is a programming language which is transpiled to JavaScript.",
        "discount_price": 3,
        "image_path": "",
        "on_discount": false,
        "price": 30,
        "title": "TypeScript: The Complete Blueprint"
    },
    {
        "id": 112,
        "date_created": "2020-07-26 02:19:32",
        "date_updated": "2020-08-31 17:05:39",
        "description": "Express.js is a web application framework built on Node.js.",
        "discount_price": 1,
        "image_path": "",
        "on_discount": false,
        "price": 10,
        "title": "Express Is Easy! An Introductory Guide"
    },
    {
        "id": 113,
        "date_created": "2018-03-14 08:39:43",
        "date_updated": "2019-02-27 15:54:33",
        "description": "Azure is a cloud-based computing platform created by Microsoft.",
        "discount_price": 2,
        "image_path": "",
        "on_discount": true,
        "price": 20,
        "title": "Expert Azure"
    },
    {
        "id": 114,
        "date_created": "2019-08-02 00:38:33",
        "date_updated": "2020-01-21 18:22:32",
        "description": "Keynote is a presentation program developed by Apple Inc.",
        "discount_price": 5,
        "image_path": "",
        "on_discount": false,
        "price": 50,
        "title": "The Joy of KeyNote"
    },
    {
        "id": 115,
        "date_created": "2020-11-11 13:49:33",
        "date_updated": "2020-12-03 03:27:47",
        "description": "Less is a style sheet language for web applications. It can be compiled into Cascading Style Sheets.",
        "discount_price": 2,
        "image_path": "",
        "on_discount": false,
        "price": 20,
        "title": "Less For Business"
    },
    {
        "id": 116,
        "date_created": "2020-11-06 01:05:23",
        "date_updated": "2020-12-21 11:22:20",
        "description": "Python is a general-purpose, high level programming language, increasingly used in AI and ML.",
        "discount_price": 1,
        "image_path": "",
        "on_discount": false,
        "price": 10,
        "title": "40 Strategies To Master Python"
    },
    {
        "id": 117,
        "date_created": "2020-03-13 06:56:46",
        "date_updated": "2020-08-10 18:17:25",
        "description": "Visual Paradigm is a design tool supporting UML and BPMN.",
        "discount_price": 2,
        "image_path": "",
        "on_discount": false,
        "price": 20,
        "title": "The Great Course of Visual Paradigm"
    },
    {
        "id": 118,
        "date_created": "2018-07-09 23:19:59",
        "date_updated": "2019-07-06 12:30:30",
        "description": "Amazon S3 a cloud-based storage service offered by AWS.",
        "discount_price": 1,
        "image_path": "",
        "on_discount": false,
        "price": 10,
        "title": "S3: Quick Solutions"
    },
    {
        "id": 119,
        "date_created": "2019-06-23 05:26:28",
        "date_updated": "2019-09-15 08:40:30",
        "description": "Agile practices discover requirements and develop solutions through collaborative effort.",
        "discount_price": 4,
        "image_path": "",
        "on_discount": true,
        "price": 40,
        "title": "Easy To Understand Agile"
    },
    {
        "id": 120,
        "date_created": "2018-03-03 00:19:50",
        "date_updated": "2019-12-12 22:20:09",
        "description": "Amazon Web Services (AWS) is an on-demand cloud computing platform, and a subsidiary of Amazon.",
        "discount_price": 1,
        "image_path": "",
        "on_discount": true,
        "price": 10,
        "title": "Master The Art of AWS"
    },
    {
        "id": 121,
        "date_created": "2019-07-08 00:34:56",
        "date_updated": "2019-09-01 09:24:10",
        "description": "IntelliJ IDEA is an integrated development environment (IDE) written in Java.",
        "discount_price": 2,
        "image_path": "",
        "on_discount": true,
        "price": 20,
        "title": "IDEA For Business"
    },
    {
        "id": 122,
        "date_created": "2019-04-05 12:07:15",
        "date_updated": "2020-01-08 08:45:25",
        "description": "Microsoft Office is a family of software services developed by Microsoft.",
        "discount_price": 1,
        "image_path": "",
        "on_discount": true,
        "price": 10,
        "title": "Do not Microsoft Office Without This Course"
    },
    {
        "id": 123,
        "date_created": "2019-07-01 14:47:09",
        "date_updated": "2020-01-11 19:02:28",
        "description": "TypeScript is a programming language which is transpiled to JavaScript.",
        "discount_price": 1,
        "image_path": "",
        "on_discount": false,
        "price": 10,
        "title": "Teach Yourself TypeScript in Easy Lessons"
    },
    {
        "id": 124,
        "date_created": "2018-06-10 00:13:53",
        "date_updated": "2020-05-26 21:01:52",
        "description": "Python is a general-purpose, high level programming language, increasingly used in AI and ML.",
        "discount_price": 3,
        "image_path": "",
        "on_discount": false,
        "price": 30,
        "title": "Even A Kid Can Learn Python!"
    },
    {
        "id": 125,
        "date_created": "2020-08-24 12:44:38",
        "date_updated": "2021-01-02 13:45:27",
        "description": "Python is a general-purpose, high level programming language, increasingly used in AI and ML.",
        "discount_price": 5,
        "image_path": "",
        "on_discount": false,
        "price": 50,
        "title": "A Simple Approach to Python"
    },
    {
        "id": 126,
        "date_created": "2018-10-28 08:21:12",
        "date_updated": "2020-03-29 08:59:14",
        "description": "Amazon Web Services (AWS) is an on-demand cloud computing platform, and a subsidiary of Amazon.",
        "discount_price": 1,
        "image_path": "",
        "on_discount": false,
        "price": 10,
        "title": "Do not AWS Without This Course"
    },
    {
        "id": 127,
        "date_created": "2020-07-16 22:44:54",
        "date_updated": "2021-01-16 17:23:37",
        "description": "Scrum is an agile framework for developing products",
        "discount_price": 4,
        "image_path": "",
        "on_discount": false,
        "price": 40,
        "title": "Learning SCRUM One Step At a Time"
    },
    {
        "id": 128,
        "date_created": "2020-09-05 21:22:26",
        "date_updated": "2021-01-09 23:36:45",
        "description": "Java is a class-based, object-oriented programming language.",
        "discount_price": 3,
        "image_path": "",
        "on_discount": false,
        "price": 30,
        "title": "Total Java"
    },
    {
        "id": 129,
        "date_created": "2019-12-25 10:27:02",
        "date_updated": "2020-08-29 16:02:10",
        "description": "Microsoft SQL Server is a relational database management system developed by Microsoft.",
        "discount_price": 5,
        "image_path": "",
        "on_discount": false,
        "price": 50,
        "title": "SQL Server for Idiots"
    },
    {
        "id": 130,
        "date_created": "2019-02-23 21:43:05",
        "date_updated": "2019-04-30 04:23:12",
        "description": "Amazon S3 a cloud-based storage service offered by AWS.",
        "discount_price": 5,
        "image_path": "",
        "on_discount": true,
        "price": 50,
        "title": "The Art of S3"
    },
    {
        "id": 131,
        "date_created": "2018-05-10 12:41:40",
        "date_updated": "2020-11-07 08:07:20",
        "description": "Microsoft SQL Server is a relational database management system developed by Microsoft.",
        "discount_price": 1,
        "image_path": "",
        "on_discount": false,
        "price": 10,
        "title": "SQL Server For The Modern Developer"
    },
    {
        "id": 132,
        "date_created": "2020-05-04 09:37:23",
        "date_updated": "2020-11-28 05:42:25",
        "description": "Microsoft PowerPoint is a presentation program.",
        "discount_price": 2,
        "image_path": "",
        "on_discount": false,
        "price": 20,
        "title": "Do not Microsoft PowerPoint Without This Course"
    },
    {
        "id": 133,
        "date_created": "2018-07-16 01:32:28",
        "date_updated": "2021-02-22 18:13:47",
        "description": "React is an open-source, JavaScript library for building user interfaces.",
        "discount_price": 2,
        "image_path": "",
        "on_discount": false,
        "price": 20,
        "title": "It is Possible To Learn React In A Month"
    },
    {
        "id": 134,
        "date_created": "2019-01-05 08:17:59",
        "date_updated": "2020-12-05 16:49:35",
        "description": "Microsoft PowerPoint is a presentation program.",
        "discount_price": 3,
        "image_path": "",
        "on_discount": false,
        "price": 30,
        "title": "Total Microsoft PowerPoint"
    },
    {
        "id": 135,
        "date_created": "2020-12-26 13:55:10",
        "date_updated": "2021-02-15 00:31:28",
        "description": "Microsoft Excel is a spreadsheet developed by Microsoft.",
        "discount_price": 1,
        "image_path": "",
        "on_discount": true,
        "price": 10,
        "title": "The Secrets of Microsoft Excel"
    },
    {
        "id": 136,
        "date_created": "2021-02-11 19:27:16",
        "date_updated": "2021-02-24 00:13:26",
        "description": "MySQL is an open-source relational database management system.",
        "discount_price": 5,
        "image_path": "",
        "on_discount": true,
        "price": 50,
        "title": "MySQL For Business"
    },
    {
        "id": 137,
        "date_created": "2019-05-07 13:06:49",
        "date_updated": "2019-06-05 13:01:06",
        "description": "Amazon S3 a cloud-based storage service offered by AWS.",
        "discount_price": 2,
        "image_path": "",
        "on_discount": true,
        "price": 20,
        "title": "S3 Unlocked"
    },
    {
        "id": 138,
        "date_created": "2019-11-07 12:48:27",
        "date_updated": "2020-08-03 06:00:14",
        "description": "Amazon S3 a cloud-based storage service offered by AWS.",
        "discount_price": 1,
        "image_path": "",
        "on_discount": true,
        "price": 10,
        "title": "My S3 Experience Taught Me These Rules"
    },
    {
        "id": 139,
        "date_created": "2020-11-24 13:56:49",
        "date_updated": "2021-02-26 09:19:26",
        "description": "JavaScript is a prototype-based programming language conforming to the ECMAScript specification.",
        "discount_price": 3,
        "image_path": "",
        "on_discount": true,
        "price": 30,
        "title": "JavaScript For The Common Person"
    },
    {
        "id": 140,
        "date_created": "2018-05-28 23:54:11",
        "date_updated": "2019-08-16 15:10:42",
        "description": "Angular is a TypeScript-based open-source web application framework.",
        "discount_price": 1,
        "image_path": "",
        "on_discount": false,
        "price": 10,
        "title": "Angular! Angular!! Angular!!!"
    },
    {
        "id": 141,
        "date_created": "2019-08-02 04:16:40",
        "date_updated": "2020-05-13 07:32:54",
        "description": "IntelliJ IDEA is an integrated development environment (IDE) written in Java.",
        "discount_price": 5,
        "image_path": "",
        "on_discount": true,
        "price": 50,
        "title": "Find A Career In IDEA"
    },
    {
        "id": 142,
        "date_created": "2018-03-22 22:59:43",
        "date_updated": "2020-07-18 09:11:03",
        "description": "Keynote is a presentation program developed by Apple Inc.",
        "discount_price": 1,
        "image_path": "",
        "on_discount": true,
        "price": 10,
        "title": "KeyNote, Volume 1"
    },
    {
        "id": 143,
        "date_created": "2018-07-23 14:30:38",
        "date_updated": "2018-09-28 14:20:03",
        "description": "Microsoft PowerPoint is a presentation program.",
        "discount_price": 3,
        "image_path": "",
        "on_discount": true,
        "price": 30,
        "title": "Cracking the Secrets of Microsoft PowerPoint"
    },
    {
        "id": 144,
        "date_created": "2020-12-16 20:07:34",
        "date_updated": "2020-12-22 09:19:28",
        "description": "Figma is a prototyping tool for user interfaces.",
        "discount_price": 1,
        "image_path": "",
        "on_discount": true,
        "price": 10,
        "title": "The Smart Person Guide to Figma"
    },
    {
        "id": 145,
        "date_created": "2018-09-30 11:17:38",
        "date_updated": "2020-07-22 20:58:41",
        "description": "The waterfall model breaks project activities into sequential phases.",
        "discount_price": 2,
        "image_path": "",
        "on_discount": false,
        "price": 20,
        "title": "The Smart Person Guide to Waterfall"
    },
    {
        "id": 146,
        "date_created": "2019-05-21 12:47:51",
        "date_updated": "2021-02-14 01:33:35",
        "description": "Mockplus is tool for designing and rototyping user interfaces..",
        "discount_price": 3,
        "image_path": "",
        "on_discount": false,
        "price": 30,
        "title": "Destined To Be an Mockplus"
    },
    {
        "id": 147,
        "date_created": "2020-06-10 11:27:11",
        "date_updated": "2020-12-25 13:41:02",
        "description": "Numbers is a spreadsheet application developed by Apple Inc.",
        "discount_price": 5,
        "image_path": "",
        "on_discount": false,
        "price": 50,
        "title": "Numbers For The Common Person"
    },
    {
        "id": 148,
        "date_created": "2020-09-18 19:03:23",
        "date_updated": "2020-12-24 12:16:49",
        "description": "Python is a general-purpose, high level programming language, increasingly used in AI and ML.",
        "discount_price": 4,
        "image_path": "",
        "on_discount": true,
        "price": 40,
        "title": "Expert Python"
    },
    {
        "id": 149,
        "date_created": "2020-12-11 05:55:07",
        "date_updated": "2021-02-28 01:18:04",
        "description": "PostgreSQL is a free and open-source relational database management system.",
        "discount_price": 5,
        "image_path": "",
        "on_discount": true,
        "price": 50,
        "title": "My PostgreSQL Experience Taught Me These Rules"
    },
    {
        "id": 150,
        "date_created": "2019-09-04 02:16:01",
        "date_updated": "2020-09-10 19:17:38",
        "description": "Mockplus is tool for designing and rototyping user interfaces..",
        "discount_price": 3,
        "image_path": "",
        "on_discount": false,
        "price": 30,
        "title": "Mockplus! Mockplus!! Mockplus!!!"
    },
    {
        "id": 151,
        "date_created": "2020-05-20 07:14:41",
        "date_updated": "2020-06-25 18:01:42",
        "description": "Angular is a TypeScript-based open-source web application framework.",
        "discount_price": 2,
        "image_path": "",
        "on_discount": false,
        "price": 20,
        "title": "Master The Art of Angular"
    },
    {
        "id": 152,
        "date_created": "2020-09-21 20:33:48",
        "date_updated": "2020-12-06 17:56:44",
        "description": "MySQL is an open-source relational database management system.",
        "discount_price": 2,
        "image_path": "",
        "on_discount": false,
        "price": 20,
        "title": "The MySQL Guide To Getting Ahead"
    },
    {
        "id": 153,
        "date_created": "2020-07-11 08:53:46",
        "date_updated": "2020-11-07 14:20:38",
        "description": "Numbers is a spreadsheet application developed by Apple Inc.",
        "discount_price": 1,
        "image_path": "",
        "on_discount": true,
        "price": 10,
        "title": "The Secrets of Numbers"
    },
    {
        "id": 154,
        "date_created": "2018-08-28 05:14:42",
        "date_updated": "2019-01-21 20:53:47",
        "description": "Scala is a multi-paradigm, general-purpose programming language.",
        "discount_price": 2,
        "image_path": "",
        "on_discount": false,
        "price": 20,
        "title": "Ways To Scala"
    },
    {
        "id": 155,
        "date_created": "2018-01-21 14:41:56",
        "date_updated": "2019-08-08 05:55:10",
        "description": "Svelte is a free and open-source front end JavaScript framework.",
        "discount_price": 3,
        "image_path": "",
        "on_discount": false,
        "price": 30,
        "title": "Reengineering Svelte"
    },
    {
        "id": 156,
        "date_created": "2020-04-05 21:31:44",
        "date_updated": "2020-12-17 08:49:16",
        "description": "Amazon Web Services (AWS) is an on-demand cloud computing platform, and a subsidiary of Amazon.",
        "discount_price": 2,
        "image_path": "",
        "on_discount": false,
        "price": 20,
        "title": "Don not Dare AWS Without Taking This Course"
    },
    {
        "id": 157,
        "date_created": "2020-05-25 13:51:18",
        "date_updated": "2020-11-03 23:30:52",
        "description": "SQLite is a file-based, relational database management system.",
        "discount_price": 5,
        "image_path": "",
        "on_discount": true,
        "price": 50,
        "title": "Don not Dare SQLite Without Taking This Course"
    },
    {
        "id": 158,
        "date_created": "2020-10-02 03:26:11",
        "date_updated": "2020-11-22 09:59:42",
        "description": "Microsoft Visual Studio is an integrated development environment (IDE) from Microsoft.",
        "discount_price": 1,
        "image_path": "",
        "on_discount": true,
        "price": 10,
        "title": "The Smart Person Guide to Visual Studio"
    },
    {
        "id": 159,
        "date_created": "2020-10-23 22:41:40",
        "date_updated": "2021-02-18 02:07:59",
        "description": "Microsoft Office is a family of software services developed by Microsoft.",
        "discount_price": 3,
        "image_path": "",
        "on_discount": false,
        "price": 30,
        "title": "Microsoft Office: Quick Solutions"
    },
    {
        "id": 160,
        "date_created": "2018-02-08 02:18:38",
        "date_updated": "2020-05-26 01:18:06",
        "description": "Rust is low-level, modern programming language designed for performance and safety.",
        "discount_price": 2,
        "image_path": "",
        "on_discount": false,
        "price": 20,
        "title": "A Crash Course in Rust"
    },
    {
        "id": 161,
        "date_created": "2018-09-21 17:54:23",
        "date_updated": "2019-06-24 16:07:25",
        "description": "Flask is a lightweight web framework written in Python.",
        "discount_price": 1,
        "image_path": "",
        "on_discount": true,
        "price": 10,
        "title": "Easy To Understand Flask"
    },
    {
        "id": 162,
        "date_created": "2019-04-22 12:07:01",
        "date_updated": "2021-02-28 16:02:23",
        "description": "Express.js is a web application framework built on Node.js.",
        "discount_price": 3,
        "image_path": "",
        "on_discount": true,
        "price": 30,
        "title": "1,001 Things To Know About Express"
    },
    {
        "id": 163,
        "date_created": "2020-01-01 05:48:15",
        "date_updated": "2020-03-25 05:12:44",
        "description": "Visual Paradigm is a design tool supporting UML and BPMN.",
        "discount_price": 1,
        "image_path": "",
        "on_discount": false,
        "price": 10,
        "title": "The Secrets of Visual Paradigm"
    },
    {
        "id": 164,
        "date_created": "2019-10-03 13:54:43",
        "date_updated": "2020-01-03 15:35:32",
        "description": "Sass is a style sheet language for web applications. It is interpreted or compiled into Cascading Style Sheets.",
        "discount_price": 3,
        "image_path": "",
        "on_discount": true,
        "price": 30,
        "title": "Sass For Business"
    },
    {
        "id": 165,
        "date_created": "2018-11-18 12:00:56",
        "date_updated": "2020-08-16 20:29:49",
        "description": "C is a low-level, general-purpose computer programming language.",
        "discount_price": 3,
        "image_path": "",
        "on_discount": true,
        "price": 30,
        "title": "A Simple Approach to C"
    },
    {
        "id": 166,
        "date_created": "2018-12-13 08:15:35",
        "date_updated": "2019-09-25 04:32:14",
        "description": "Mockplus is tool for designing and rototyping user interfaces..",
        "discount_price": 5,
        "image_path": "",
        "on_discount": false,
        "price": 50,
        "title": "Mockplus Matters"
    },
    {
        "id": 167,
        "date_created": "2018-08-26 22:06:54",
        "date_updated": "2019-04-05 14:45:36",
        "description": "Python is a general-purpose, high level programming language, increasingly used in AI and ML.",
        "discount_price": 5,
        "image_path": "",
        "on_discount": false,
        "price": 50,
        "title": "The 4 Hour Python Guide"
    },
    {
        "id": 168,
        "date_created": "2021-02-21 04:15:25",
        "date_updated": "2021-02-23 22:53:24",
        "description": "React is an open-source, JavaScript library for building user interfaces.",
        "discount_price": 2,
        "image_path": "",
        "on_discount": false,
        "price": 20,
        "title": "40 Strategies To Master React"
    },
    {
        "id": 169,
        "date_created": "2018-03-09 23:10:12",
        "date_updated": "2019-05-12 19:22:11",
        "description": "Cascading Style Sheets (CSS) is a style sheet language used in web applications",
        "discount_price": 1,
        "image_path": "",
        "on_discount": true,
        "price": 10,
        "title": "CSS: The Complete Blueprint"
    },
    {
        "id": 170,
        "date_created": "2019-03-31 03:10:08",
        "date_updated": "2019-06-25 18:47:09",
        "description": "The waterfall model breaks project activities into sequential phases.",
        "discount_price": 1,
        "image_path": "",
        "on_discount": true,
        "price": 10,
        "title": "A Simple Approach to Waterfall"
    },
    {
        "id": 171,
        "date_created": "2019-08-29 02:09:11",
        "date_updated": "2019-09-29 22:36:29",
        "description": "The waterfall model breaks project activities into sequential phases.",
        "discount_price": 3,
        "image_path": "",
        "on_discount": false,
        "price": 30,
        "title": "An Illustrated Guide to Waterfall"
    },
    {
        "id": 172,
        "date_created": "2018-05-20 08:22:46",
        "date_updated": "2018-12-27 19:47:24",
        "description": "Mockplus is tool for designing and rototyping user interfaces..",
        "discount_price": 1,
        "image_path": "",
        "on_discount": false,
        "price": 10,
        "title": "Master The Art of Mockplus"
    },
    {
        "id": 173,
        "date_created": "2019-12-01 15:38:03",
        "date_updated": "2020-05-12 10:11:27",
        "description": "Cascading Style Sheets (CSS) is a style sheet language used in web applications",
        "discount_price": 3,
        "image_path": "",
        "on_discount": true,
        "price": 30,
        "title": "Learn To CSS In 30 Days"
    },
    {
        "id": 174,
        "date_created": "2020-01-17 11:15:23",
        "date_updated": "2020-12-22 16:22:58",
        "description": "Cascading Style Sheets (CSS) is a style sheet language used in web applications",
        "discount_price": 3,
        "image_path": "",
        "on_discount": false,
        "price": 30,
        "title": "Proactive CSS"
    },
    {
        "id": 175,
        "date_created": "2020-06-25 10:53:44",
        "date_updated": "2020-09-15 03:27:55",
        "description": "C is a low-level, general-purpose computer programming language.",
        "discount_price": 1,
        "image_path": "",
        "on_discount": false,
        "price": 10,
        "title": "The Joy of C"
    },
    {
        "id": 176,
        "date_created": "2019-08-04 15:41:04",
        "date_updated": "2020-09-01 09:44:10",
        "description": "Microsoft Visual Studio is an integrated development environment (IDE) from Microsoft.",
        "discount_price": 1,
        "image_path": "",
        "on_discount": false,
        "price": 10,
        "title": "Learn To Visual Studio In 30 Days"
    },
    {
        "id": 177,
        "date_created": "2018-02-01 10:55:26",
        "date_updated": "2019-02-25 07:11:29",
        "description": "TypeScript is a programming language which is transpiled to JavaScript.",
        "discount_price": 1,
        "image_path": "",
        "on_discount": false,
        "price": 10,
        "title": "Essential TypeScript"
    },
    {
        "id": 178,
        "date_created": "2020-05-21 19:58:59",
        "date_updated": "2020-09-08 03:17:53",
        "description": "Scrum is an agile framework for developing products",
        "discount_price": 2,
        "image_path": "",
        "on_discount": false,
        "price": 20,
        "title": "SCRUM for Idiots"
    },
    {
        "id": 179,
        "date_created": "2019-08-11 00:42:55",
        "date_updated": "2020-11-21 17:43:59",
        "description": "Flask is a lightweight web framework written in Python.",
        "discount_price": 1,
        "image_path": "",
        "on_discount": true,
        "price": 10,
        "title": "An Illustrated Guide to Flask"
    },
    {
        "id": 180,
        "date_created": "2018-09-16 02:54:23",
        "date_updated": "2019-02-05 17:07:27",
        "description": "Microsoft Word is a word processor developed by Microsoft.",
        "discount_price": 3,
        "image_path": "",
        "on_discount": false,
        "price": 30,
        "title": "This Is A Course About Microsoft Word"
    },
    {
        "id": 181,
        "date_created": "2020-02-11 04:37:08",
        "date_updated": "2020-06-04 10:29:55",
        "description": "Microsoft Visual Studio is an integrated development environment (IDE) from Microsoft.",
        "discount_price": 3,
        "image_path": "",
        "on_discount": false,
        "price": 30,
        "title": "Visual Studio Crash Course"
    },
    {
        "id": 182,
        "date_created": "2019-08-11 10:54:12",
        "date_updated": "2019-10-02 08:26:20",
        "description": "Python is a general-purpose, high level programming language, increasingly used in AI and ML.",
        "discount_price": 3,
        "image_path": "",
        "on_discount": false,
        "price": 30,
        "title": "The Fast and Easy Guide to Python"
    },
    {
        "id": 183,
        "date_created": "2020-03-13 16:09:50",
        "date_updated": "2020-04-06 16:55:37",
        "description": "Enterprise Architect is a design tool for UML.",
        "discount_price": 1,
        "image_path": "",
        "on_discount": false,
        "price": 10,
        "title": "Enterprise Architect Matters"
    },
    {
        "id": 184,
        "date_created": "2019-08-19 12:33:18",
        "date_updated": "2020-05-17 11:14:52",
        "description": "Python is a general-purpose, high level programming language, increasingly used in AI and ML.",
        "discount_price": 2,
        "image_path": "",
        "on_discount": false,
        "price": 20,
        "title": "1,001 Things To Know About Python"
    },
    {
        "id": 185,
        "date_created": "2019-11-26 22:30:40",
        "date_updated": "2020-05-26 13:31:43",
        "description": "Amazon S3 a cloud-based storage service offered by AWS.",
        "discount_price": 3,
        "image_path": "",
        "on_discount": true,
        "price": 30,
        "title": "How To Be Happy With S3"
    },
    {
        "id": 186,
        "date_created": "2019-06-19 18:08:59",
        "date_updated": "2020-01-15 17:00:04",
        "description": "React is an open-source, JavaScript library for building user interfaces.",
        "discount_price": 3,
        "image_path": "",
        "on_discount": false,
        "price": 30,
        "title": "The Art of React"
    },
    {
        "id": 187,
        "date_created": "2020-03-27 22:06:58",
        "date_updated": "2020-05-14 11:39:03",
        "description": "Python is a general-purpose, high level programming language, increasingly used in AI and ML.",
        "discount_price": 2,
        "image_path": "",
        "on_discount": false,
        "price": 20,
        "title": "The Great Course of Python"
    },
    {
        "id": 188,
        "date_created": "2018-06-03 13:58:29",
        "date_updated": "2020-12-07 10:11:23",
        "description": "Cascading Style Sheets (CSS) is a style sheet language used in web applications",
        "discount_price": 2,
        "image_path": "",
        "on_discount": true,
        "price": 20,
        "title": "40 Strategies To Master CSS"
    },
    {
        "id": 189,
        "date_created": "2018-09-11 19:33:02",
        "date_updated": "2020-06-27 11:22:29",
        "description": "SQLite is a file-based, relational database management system.",
        "discount_price": 4,
        "image_path": "",
        "on_discount": false,
        "price": 40,
        "title": "Learning SQLite One Step At a Time"
    },
    {
        "id": 190,
        "date_created": "2020-10-24 21:50:47",
        "date_updated": "2020-12-18 17:10:58",
        "description": "Express.js is a web application framework built on Node.js.",
        "discount_price": 3,
        "image_path": "",
        "on_discount": true,
        "price": 30,
        "title": "Cracking the Secrets of Express"
    },
    {
        "id": 191,
        "date_created": "2020-10-03 21:14:34",
        "date_updated": "2020-12-27 16:55:59",
        "description": "Cascading Style Sheets (CSS) is a style sheet language used in web applications",
        "discount_price": 2,
        "image_path": "",
        "on_discount": false,
        "price": 20,
        "title": "Beginners Guide To CSS"
    },
    {
        "id": 192,
        "date_created": "2018-07-18 03:37:41",
        "date_updated": "2019-02-12 00:53:04",
        "description": "Cascading Style Sheets (CSS) is a style sheet language used in web applications",
        "discount_price": 2,
        "image_path": "",
        "on_discount": false,
        "price": 20,
        "title": "Learn The Art of CSS"
    },
    {
        "id": 193,
        "date_created": "2020-12-05 02:06:35",
        "date_updated": "2021-02-27 02:26:53",
        "description": "Java is a class-based, object-oriented programming language.",
        "discount_price": 2,
        "image_path": "",
        "on_discount": false,
        "price": 20,
        "title": "The Joy of Java"
    },
    {
        "id": 194,
        "date_created": "2018-08-14 11:48:32",
        "date_updated": "2018-12-30 20:06:56",
        "description": "Scala is a multi-paradigm, general-purpose programming language.",
        "discount_price": 2,
        "image_path": "",
        "on_discount": false,
        "price": 20,
        "title": "Find A Career In Scala"
    },
    {
        "id": 195,
        "date_created": "2019-01-18 14:07:07",
        "date_updated": "2019-05-19 05:30:47",
        "description": "Angular is a TypeScript-based open-source web application framework.",
        "discount_price": 3,
        "image_path": "",
        "on_discount": false,
        "price": 30,
        "title": "Essential Angular"
    },
    {
        "id": 196,
        "date_created": "2020-08-17 03:58:12",
        "date_updated": "2020-10-04 08:26:26",
        "description": "Amazon S3 a cloud-based storage service offered by AWS.",
        "discount_price": 3,
        "image_path": "",
        "on_discount": true,
        "price": 30,
        "title": "An Illustrated Guide to S3"
    },
    {
        "id": 197,
        "date_created": "2018-04-28 19:44:10",
        "date_updated": "2018-10-26 17:46:38",
        "description": "Microsoft Visual Studio is an integrated development environment (IDE) from Microsoft.",
        "discount_price": 1,
        "image_path": "",
        "on_discount": false,
        "price": 10,
        "title": "40 Strategies To Master Visual Studio"
    },
    {
        "id": 198,
        "date_created": "2019-07-02 08:58:32",
        "date_updated": "2020-06-23 09:35:03",
        "description": "C++ is a low-level, general-purpose programming language.",
        "discount_price": 4,
        "image_path": "",
        "on_discount": true,
        "price": 40,
        "title": "C++ Crash Course"
    },
    {
        "id": 199,
        "date_created": "2019-03-27 22:56:13",
        "date_updated": "2019-10-05 21:05:49",
        "description": "Figma is a prototyping tool for user interfaces.",
        "discount_price": 2,
        "image_path": "",
        "on_discount": false,
        "price": 20,
        "title": "The Figma Guide To Getting Ahead"
    },
    {
        "id": 200,
        "date_created": "2020-11-27 19:40:06",
        "date_updated": "2020-12-20 18:54:18",
        "description": "Visual Studio Code is a free source-code editor from Microsoft.",
        "discount_price": 4,
        "image_path": "",
        "on_discount": true,
        "price": 40,
        "title": "Visual Studio Code! Visual Studio Code!! Visual Studio Code!!!"
    },
    {
        "id": 202,
        "description": "This is a brand new course",
        "discount_price": 5,
        "title": "Brand new course",
        "price": 25,
        "image_path": "images/some/path/foo.jpg",
        "on_discount": false
    },
    {
        "id": 203,
        "date_created": "2021-03-22 19:00:36",
        "date_updated": "2021-03-22 19:00:36",
        "description": "This is a brand new course",
        "discount_price": 5,
        "title": "Brand new course",
        "price": 25,
        "image_path": "images/some/path/foo.jpg",
        "on_discount": false
    }
]